{
    "53": 0,
    "75": 1,
    "89": 2,
    "79": 3,
    "72": 4,
    "64": 5,
    "91": 6,
    "87": 7,
    "54": 8,
    "67": 9,
    "55": 10,
    "90": 11,
    "61": 12,
    "65": 13,
    "60": 14,
    "74": 15,
    "84": 16,
    "100": 17,
    "88": 18,
    "57": 19,
    "59": 20,
    "70": 21,
    "r": 22,
    "71": 23,
    "50": 24,
    "95": 25,
    "46": 26,
    "45": 27,
    "96": 28,
    "49": 29,
    "68": 30,
    "52": 31,
    "43": 32,
    "76": 33,
    "85": 34,
    "80": 35,
    "/": 36,
    "86": 37,
    "81": 38,
    "56": 39,
    "63": 40,
    "41": 41,
    "66": 42,
    "73": 43,
    "40": 44,
    "83": 45,
    "82": 46,
    "47": 47,
    "51": 48,
    "_": 49,
    "58": 50,
    "69": 51,
    "98": 52,
    "62": 53,
    "77": 54,
    "78": 55,
    "48": 56,
    "93": 57
}